,record_id,gene_id,gene_name
0,m54313U_201113_175135/131717/ccs,ENSMUSG00000020390,Ube2b
1,m54313U_201113_175135/197335/ccs,ENSMUSG00000051316,Taf7
2,m54313U_201113_175135/199135/ccs,NA,NA
3,m54313U_201113_175135/590157/ccs,ENSMUSG00000020680,Taf15
4,m54313U_201113_175135/1115347/ccs,NA,NA
5,m54313U_201113_175135/1245643/ccs,NA,NA
6,m54313U_201113_175135/1573328/ccs,ENSMUSG00000024052,Lpin2
7,m54313U_201113_175135/1705972/ccs,ENSMUSG00000027552,E2f5
8,m54313U_201113_175135/1770852/ccs,ENSMUSG00000037214,Thap1
9,m54313U_201113_175135/1901616/ccs,ENSMUSG00000049960,Mrps16
10,m54313U_201113_175135/1901926/ccs,ENSMUSG00000022790,Igsf11
11,m54313U_201113_175135/2491896/ccs,ENSMUSG00000039100,Marchf6
12,m54313U_201113_175135/2622884/ccs,ENSMUSG00000026977,Marchf7
13,m54313U_201113_175135/3016672/ccs,ENSMUSG00000021687,Scamp1
14,m54313U_201113_175135/3934289/ccs,ENSMUSG00000092622,Khdc3
15,m54313U_201113_175135/4327141/ccs,ENSMUSG00000036752,Tubb4b
16,m54313U_201113_175135/4393557/ccs,ENSMUSG00000037072,Selenof
17,m54313U_201113_175135/4784915/ccs,NA,NA
18,m54313U_201113_175135/4851027/ccs,NA,NA
19,m54313U_201113_175135/5047724/ccs,ENSMUSG00000045896,Paip2b
20,m54313U_201113_175135/5506907/ccs,ENSMUSG00000066900,Suds3
21,m54313U_201113_175135/6095261/ccs,NA,NA
22,m54313U_201113_175135/6162089/ccs,ENSMUSG00000048701,Ccdc6
23,m54313U_201113_175135/6226967/ccs,ENSMUSG00000021770,Samd8
24,m54313U_201113_175135/6357729/ccs,ENSMUSG00000037544,Dlgap5
25,m54313U_201113_175135/6489380/ccs,ENSMUSG00000066463,Omt2a
26,m54313U_201113_175135/6684985/ccs,ENSMUSG00000042165,Gm9774
27,m54313U_201113_175135/7275548/ccs,ENSMUSG00000025423,Pias2
28,m54313U_201113_175135/7866903/ccs,ENSMUSG00000026202,Tuba4a
29,m54313U_201113_175135/7930037/ccs,NA,NA
30,m54313U_201113_175135/7930037/ccs,NA,NA
31,m54313U_201113_175135/7997526/ccs,ENSMUSG00000022889,Mrpl39
32,m54313U_201113_175135/8062425/ccs,ENSMUSG00000034430,Zxdc
33,m54313U_201113_175135/8258267/ccs,ENSMUSG00000018286,Psmb6
34,m54313U_201113_175135/9306969/ccs,ENSMUSG00000028081,Rps3a1
35,m54313U_201113_175135/9308239/ccs,ENSMUSG00000051518,Rps19bp1
36,m54313U_201113_175135/10160360/ccs,ENSMUSG00000038393,Txnip
37,m54313U_201113_175135/10421102/ccs,ENSMUSG00000040935,Padi6
38,m54313U_201113_175135/10813519/ccs,ENSMUSG00000005625,Psmd4
39,m54313U_201113_175135/11141776/ccs,NA,NA
40,m54313U_201113_175135/11405309/ccs,ENSMUSG00000031767,Nudt7
41,m54313U_201113_175135/11469082/ccs,ENSMUSG00000063935,Zar1
42,m54313U_201113_175135/11469775/ccs,ENSMUSG00000015697,Setdb1
43,m54313U_201113_175135/11470757/ccs,ENSMUSG00000019505,Ubb
44,m54313U_201113_175135/12255993/ccs,ENSMUSG00000043372,Hexim2
45,m54313U_201113_175135/13108322/ccs,NA,NA
46,m54313U_201113_175135/13109260/ccs,ENSMUSG00000108171,Gm43915
47,m54313U_201113_175135/13437673/ccs,NA,NA
48,m54313U_201113_175135/13500993/ccs,ENSMUSG00000085079,Khdc1b
49,m54313U_201113_175135/14287096/ccs,ENSMUSG00000072692,Rpl37rt
50,m54313U_201113_175135/14288220/ccs,ENSMUSG00000057130,Txnl4a
51,m54313U_201113_175135/14484997/ccs,ENSMUSG00000058833,Rex1bd
52,m54313U_201113_175135/15534181/ccs,ENSMUSG00000039770,Ypel5
53,m54313U_201113_175135/15600136/ccs,ENSMUSG00000047842,Diras2
54,m54313U_201113_175135/16582616/ccs,NA,NA
55,m54313U_201113_175135/16582641/ccs,ENSMUSG00000030774,Pak1
56,m54313U_201113_175135/16910776/ccs,ENSMUSG00000039000,Ube3c
57,m54313U_201113_175135/81005245/ccs,NA,NA
58,m54313U_201113_175135/81134055/ccs,NA,NA
59,m54313U_201113_175135/81267482/ccs,ENSMUSG00000012422,Tmem167
60,m54313U_201113_175135/81528071/ccs,NA,NA
61,m54313U_201113_175135/81987888/ccs,ENSMUSG00000005514,Por
62,m54313U_201113_175135/82709188/ccs,NA,NA
63,m54313U_201113_175135/82905427/ccs,ENSMUSG00000029817,Tra2a
64,m54313U_201113_175135/82905935/ccs,ENSMUSG00000031609,Sap30
65,m54313U_201113_175135/83362735/ccs,ENSMUSG00000074238,Ap1ar
66,m54313U_201113_175135/83494694/ccs,NA,NA
67,m54313U_201113_175135/83756794/ccs,NA,NA
68,m54313U_201113_175135/84608393/ccs,NA,NA
69,m54313U_201113_175135/85132666/ccs,NA,NA
70,m54313U_201113_175135/85264371/ccs,NA,NA
71,m54313U_201113_175135/85527045/ccs,ENSMUSG00000021385,Ippk
72,m54313U_201113_175135/85787079/ccs,ENSMUSG00000040586,Ofd1
73,m54313U_201113_175135/86638942/ccs,ENSMUSG00000025885,Myo5b
74,m54313U_201113_175135/86770561/ccs,NA,NA
75,m54313U_201113_175135/87098470/ccs,ENSMUSG00000039449,Prpf18
76,m54313U_201113_175135/87163246/ccs,ENSMUSG00000037742,Eef1a1
77,m54313U_201113_175135/87427923/ccs,ENSMUSG00000032551,1110059G10Rik
78,m54313U_201113_175135/87556529/ccs,ENSMUSG00000020349,Ppp2ca
79,m54313U_201113_175135/87623659/ccs,ENSMUSG00000004099,Dnmt1
80,m54313U_201113_175135/87688178/ccs,ENSMUSG00000026317,Cln8
81,m54313U_201113_175135/88147348/ccs,ENSMUSG00000014771,Pdcd2
82,m54313U_201113_175135/88212414/ccs,ENSMUSG00000026360,Rgs2
83,m54313U_201113_175135/88736818/ccs,ENSMUSG00000092310,Gm20509
84,m54313U_201113_175135/88802373/ccs,ENSMUSG00000024513,Mbd2
85,m54313U_201113_175135/88803950/ccs,ENSMUSG00000004099,Dnmt1
86,m54313U_201113_175135/90308755/ccs,NA,NA
87,m54313U_201113_175135/90636747/ccs,NA,NA
88,m54313U_201113_175135/90701971/ccs,ENSMUSG00000032776,Mctp2
89,m54313U_201113_175135/91029872/ccs,NA,NA
90,m54313U_201113_175135/91489970/ccs,ENSMUSG00000041491,Cep78
91,m54313U_201113_175135/92145801/ccs,ENSMUSG00000066867,Oas1e
92,m54313U_201113_175135/92735765/ccs,ENSMUSG00000038022,Mindy4
93,m54313U_201113_175135/92800149/ccs,ENSMUSG00000072258,Taf1a
94,m54313U_201113_175135/92995619/ccs,ENSMUSG00000003731,Kpna6
95,m54313U_201113_175135/93127971/ccs,ENSMUSG00000030246,Ldhb
96,m54313U_201113_175135/94437638/ccs,NA,NA
97,m54313U_201113_175135/94504847/ccs,ENSMUSG00000068184,Ndufaf2
98,m54313U_201113_175135/95551996/ccs,ENSMUSG00000045328,Cenpe
99,m54313U_201113_175135/95814110/ccs,NA,NA
100,m54313U_201113_175135/95945799/ccs,NA,NA
101,m54313U_201113_175135/96534913/ccs,ENSMUSG00000079480,Pin4
102,m54313U_201113_175135/96797941/ccs,NA,NA
103,m54313U_201113_175135/97452692/ccs,ENSMUSG00000031353,Rbbp7
104,m54313U_201113_175135/97454712/ccs,ENSMUSG00000002546,Golga2
105,m54313U_201113_175135/97780514/ccs,ENSMUSG00000024527,Afg3l2
106,m54313U_201113_175135/98107530/ccs,ENSMUSG00000025487,Psmd13
107,m54313U_201113_175135/99090958/ccs,NA,NA
108,m54313U_201113_175135/99288284/ccs,ENSMUSG00000018661,Cog1
109,m54313U_201113_175135/99289649/ccs,NA,NA
110,m54313U_201113_175135/100074940/ccs,NA,NA
111,m54313U_201113_175135/100468052/ccs,ENSMUSG00000045896,Paip2b
112,m54313U_201113_175135/100862383/ccs,ENSMUSG00000001416,Cct3
113,m54313U_201113_175135/101845272/ccs,ENSMUSG00000085079,Khdc1b
114,m54313U_201113_175135/102237162/ccs,ENSMUSG00000045291,E330021D16Rik
115,m54313U_201113_175135/102301757/ccs,ENSMUSG00000028410,Dnaja1
116,m54313U_201113_175135/102434989/ccs,ENSMUSG00000096276,Gm2042
117,m54313U_201113_175135/102631700/ccs,ENSMUSG00000036752,Tubb4b
118,m54313U_201113_175135/103024673/ccs,NA,NA
119,m54313U_201113_175135/103678761/ccs,NA,NA
120,m54313U_201113_175135/103941610/ccs,NA,NA
121,m54313U_201113_175135/104204578/ccs,ENSMUSG00000031783,Polr2c
122,m54313U_201113_175135/104464441/ccs,ENSMUSG00000019210,Atp6v1e1
123,m54313U_201113_175135/104923936/ccs,ENSMUSG00000028405,Aco1
124,m54313U_201113_175135/105384396/ccs,ENSMUSG00000031661,Nkd1
125,m54313U_201113_175135/105581227/ccs,NA,NA
126,m54313U_201113_175135/106235695/ccs,ENSMUSG00000081044,AU015836
127,m54313U_201113_175135/106236368/ccs,ENSMUSG00000034758,Tle6
128,m54313U_201113_175135/106301748/ccs,ENSMUSG00000039197,Adk
129,m54313U_201113_175135/106366342/ccs,NA,NA
130,m54313U_201113_175135/106562934/ccs,NA,NA
131,m54313U_201113_175135/107152373/ccs,ENSMUSG00000021540,Smad5
132,m54313U_201113_175135/107348764/ccs,ENSMUSG00000024052,Lpin2
133,m54313U_201113_175135/107480852/ccs,ENSMUSG00000056124,B4galt6
134,m54313U_201113_175135/108137165/ccs,ENSMUSG00000049107,Ntf3
135,m54313U_201113_175135/109118451/ccs,NA,NA
136,m54313U_201113_175135/109970006/ccs,ENSMUSG00000007892,Rplp1
137,m54313U_201113_175135/109971909/ccs,ENSMUSG00000029223,Uchl1
138,m54313U_201113_175135/110495768/ccs,ENSMUSG00000031320,Rps4x
139,m54313U_201113_175135/111610679/ccs,ENSMUSG00000037992,Rara
140,m54313U_201113_175135/111675253/ccs,ENSMUSG00000022214,Dcaf11
141,m54313U_201113_175135/112133499/ccs,ENSMUSG00000052040,Klf13
142,m54313U_201113_175135/112658333/ccs,NA,NA
143,m54313U_201113_175135/112984104/ccs,ENSMUSG00000062480,Acat3
144,m54313U_201113_175135/113180700/ccs,ENSMUSG00000022312,Eif3h
145,m54313U_201113_175135/113181367/ccs,NA,NA
146,m54313U_201113_175135/113379007/ccs,ENSMUSG00000026116,Tmem131
147,m54313U_201113_175135/114032680/ccs,NA,NA
148,m54313U_201113_175135/114034775/ccs,ENSMUSG00000001089,Luzp1
149,m54313U_201113_175135/115605531/ccs,NA,NA
150,m54313U_201113_175135/116260980/ccs,ENSMUSG00000078427,Sarnp
151,m54313U_201113_175135/116394517/ccs,NA,NA
152,m54313U_201113_175135/117639942/ccs,ENSMUSG00000027678,Ncoa3
153,m54313U_201113_175135/118096705/ccs,ENSMUSG00000038646,Ramac
154,m54313U_201113_175135/118358449/ccs,ENSMUSG00000040681,Hmgn1
155,m54313U_201113_175135/118424521/ccs,NA,NA
156,m54313U_201113_175135/118685802/ccs,ENSMUSG00000110001,C86187
157,m54313U_201113_175135/119079172/ccs,ENSMUSG00000025184,R3hcc1l
158,m54313U_201113_175135/120455240/ccs,ENSMUSG00000027173,Depdc7
159,m54313U_201113_175135/120521348/ccs,NA,NA
160,m54313U_201113_175135/120979687/ccs,ENSMUSG00000021218,Gdi2
161,m54313U_201113_175135/121176853/ccs,NA,NA
162,m54313U_201113_175135/121702890/ccs,NA,NA
163,m54313U_201113_175135/121963239/ccs,NA,NA
164,m54313U_201113_175135/121964714/ccs,ENSMUSG00000026360,Rgs2
165,m54313U_201113_175135/122225821/ccs,ENSMUSG00000048807,Slc35e4
166,m54313U_201113_175135/122292523/ccs,ENSMUSG00000045404,Kcnk13
167,m54313U_201113_175135/122619381/ccs,ENSMUSG00000042608,Stk40
168,m54313U_201113_175135/122684492/ccs,ENSMUSG00000055762,Eef1d
169,m54313U_201113_175135/123995880/ccs,ENSMUSG00000024587,Nars
170,m54313U_201113_175135/123996386/ccs,ENSMUSG00000056383,AI987944
171,m54313U_201113_175135/125045405/ccs,ENSMUSG00000057454,Lypd3
172,m54313U_201113_175135/126290399/ccs,ENSMUSG00000015656,Hspa8
173,m54313U_201113_175135/126550079/ccs,ENSMUSG00000030911,Zp2
174,m54313U_201113_175135/126681636/ccs,ENSMUSG00000023944,Hsp90ab1
175,m54313U_201113_175135/126879404/ccs,NA,NA
176,m54313U_201113_175135/127009121/ccs,ENSMUSG00000021794,Glud1
177,m54313U_201113_175135/127862133/ccs,ENSMUSG00000042032,Mat2b
178,m54313U_201113_175135/127862815/ccs,ENSMUSG00000026150,Mff
179,m54313U_201113_175135/128188641/ccs,ENSMUSG00000052613,Pcdh15
180,m54313U_201113_175135/129171922/ccs,ENSMUSG00000022760,Thap7
181,m54313U_201113_175135/129566659/ccs,ENSMUSG00000018363,Smurf2
182,m54313U_201113_175135/129829402/ccs,NA,NA
183,m54313U_201113_175135/130156622/ccs,ENSMUSG00000034724,Cnot6l
184,m54313U_201113_175135/130286843/ccs,ENSMUSG00000050812,Ecpas
185,m54313U_201113_175135/130482788/ccs,NA,NA
186,m54313U_201113_175135/130483416/ccs,ENSMUSG00000001473,Tubb6
187,m54313U_201113_175135/130550618/ccs,ENSMUSG00000070837,Aurkc
188,m54313U_201113_175135/130616148/ccs,ENSMUSG00000054310,Obox1
189,m54313U_201113_175135/130810744/ccs,NA,NA
190,m54313U_201113_175135/130877485/ccs,ENSMUSG00000020652,Cenpo
191,m54313U_201113_175135/131663398/ccs,ENSMUSG00000031661,Nkd1
192,m54313U_201113_175135/132448951/ccs,ENSMUSG00000029416,Slc15a4
193,m54313U_201113_175135/132712416/ccs,ENSMUSG00000022090,Pdlim2
194,m54313U_201113_175135/133105359/ccs,ENSMUSG00000029513,Prkab1
195,m54313U_201113_175135/133368576/ccs,ENSMUSG00000020978,Klhdc2
196,m54313U_201113_175135/134351181/ccs,ENSMUSG00000051220,Ercc6l
197,m54313U_201113_175135/134807969/ccs,ENSMUSG00000028820,Sfpq
198,m54313U_201113_175135/135465461/ccs,ENSMUSG00000028271,Gtf2b
199,m54313U_201113_175135/135594930/ccs,NA,NA
200,m54313U_201113_175135/135661320/ccs,ENSMUSG00000020612,Prkar1a
201,m54313U_201113_175135/135989142/ccs,ENSMUSG00000043259,Fam13c
202,m54313U_201113_175135/136053113/ccs,ENSMUSG00000024833,Pola2
203,m54313U_201113_175135/136839873/ccs,NA,NA
204,m54313U_201113_175135/136839873/ccs,NA,NA
205,m54313U_201113_175135/137627760/ccs,ENSMUSG00000053617,Sh3pxd2a
206,m54313U_201113_175135/137954564/ccs,ENSMUSG00000026933,Camsap1
207,m54313U_201113_175135/137955105/ccs,ENSMUSG00000018287,Spag7
208,m54313U_201113_175135/138217832/ccs,ENSMUSG00000037526,Atg14
209,m54313U_201113_175135/138346520/ccs,NA,NA
210,m54313U_201113_175135/138413980/ccs,ENSMUSG00000007721,Ccdc124
211,m54313U_201113_175135/139854797/ccs,ENSMUSG00000066867,Oas1e
212,m54313U_201113_175135/139921692/ccs,ENSMUSG00000044792,Isca1
213,m54313U_201113_175135/140379892/ccs,ENSMUSG00000024427,Spry4
214,m54313U_201113_175135/140576358/ccs,ENSMUSG00000015961,Adss
215,m54313U_201113_175135/141951032/ccs,ENSMUSG00000022010,Tsc22d1
216,m54313U_201113_175135/142280251/ccs,NA,NA
217,m54313U_201113_175135/142673441/ccs,ENSMUSG00000041598,Cdc42ep4
218,m54313U_201113_175135/142803469/ccs,ENSMUSG00000030213,Atf7ip
219,m54313U_201113_175135/142804280/ccs,ENSMUSG00000020235,Fzr1
220,m54313U_201113_175135/143327574/ccs,ENSMUSG00000025428,Atp5a1
221,m54313U_201113_175135/143327844/ccs,ENSMUSG00000026234,Ncl
222,m54313U_201113_175135/143458601/ccs,NA,NA
223,m54313U_201113_175135/144378051/ccs,ENSMUSG00000078812,Eif5a
224,m54313U_201113_175135/144442340/ccs,ENSMUSG00000047352,Olfr976
225,m54313U_201113_175135/144770992/ccs,ENSMUSG00000078812,Eif5a
226,m54313U_201113_175135/144835798/ccs,ENSMUSG00000027498,Cstf1
227,m54313U_201113_175135/145033769/ccs,ENSMUSG00000031935,Med17
228,m54313U_201113_175135/145034015/ccs,ENSMUSG00000031843,Mphosph6
229,m54313U_201113_175135/145557933/ccs,ENSMUSG00000024067,Dpy30
230,m54313U_201113_175135/145883676/ccs,ENSMUSG00000026275,Ppp1r7
231,m54313U_201113_175135/145884350/ccs,ENSMUSG00000019505,Ubb
232,m54313U_201113_175135/146014507/ccs,ENSMUSG00000027206,Cops2
233,m54313U_201113_175135/146212298/ccs,ENSMUSG00000004677,Myo9b
234,m54313U_201113_175135/146278523/ccs,NA,NA
235,m54313U_201113_175135/146279024/ccs,ENSMUSG00000031353,Rbbp7
236,m54313U_201113_175135/146409408/ccs,ENSMUSG00000050627,Gpd1l
237,m54313U_201113_175135/146473357/ccs,ENSMUSG00000021660,Btf3
238,m54313U_201113_175135/147194737/ccs,ENSMUSG00000061787,Rps17
239,m54313U_201113_175135/147261969/ccs,ENSMUSG00000031642,Sh3rf1
240,m54313U_201113_175135/147915941/ccs,NA,NA
241,m54313U_201113_175135/148506430/ccs,NA,NA
242,m54313U_201113_175135/148767872/ccs,ENSMUSG00000038366,Lasp1
243,m54313U_201113_175135/149882184/ccs,ENSMUSG00000030649,Anapc15
244,m54313U_201113_175135/150080191/ccs,ENSMUSG00000004040,Stat3
245,m54313U_201113_175135/150799496/ccs,ENSMUSG00000020612,Prkar1a
246,m54313U_201113_175135/151585280/ccs,ENSMUSG00000001627,Ifrd1
247,m54313U_201113_175135/151586974/ccs,NA,NA
248,m54313U_201113_175135/151914390/ccs,NA,NA
249,m54313U_201113_175135/151914746/ccs,NA,NA
250,m54313U_201113_175135/152765450/ccs,ENSMUSG00000028291,Akirin2
251,m54313U_201113_175135/153878612/ccs,NA,NA
252,m54313U_201113_175135/153946615/ccs,ENSMUSG00000116590,AC154200.1
253,m54313U_201113_175135/17629897/ccs,NA,NA
254,m54313U_201113_175135/17957042/ccs,NA,NA
255,m54313U_201113_175135/18155356/ccs,ENSMUSG00000059474,Mbtd1
256,m54313U_201113_175135/18941806/ccs,NA,NA
257,m54313U_201113_175135/19661403/ccs,ENSMUSG00000020738,Sumo2
258,m54313U_201113_175135/19726592/ccs,ENSMUSG00000045822,Zswim3
259,m54313U_201113_175135/20250763/ccs,ENSMUSG00000021759,Plpp1
260,m54313U_201113_175135/20382911/ccs,ENSMUSG00000022422,Dscc1
261,m54313U_201113_175135/21367434/ccs,ENSMUSG00000027506,Tpd52
262,m54313U_201113_175135/21497819/ccs,ENSMUSG00000069520,Tmem19
263,m54313U_201113_175135/21758606/ccs,NA,NA
264,m54313U_201113_175135/22020476/ccs,ENSMUSG00000029223,Uchl1
265,m54313U_201113_175135/22022616/ccs,ENSMUSG00000032294,Pkm
266,m54313U_201113_175135/22217631/ccs,NA,NA
267,m54313U_201113_175135/22217897/ccs,ENSMUSG00000022613,Miox
268,m54313U_201113_175135/22743903/ccs,ENSMUSG00000035191,Rfpl4
269,m54313U_201113_175135/23265617/ccs,ENSMUSG00000062202,Btbd9
270,m54313U_201113_175135/23267489/ccs,ENSMUSG00000028035,Dnajb4
271,m54313U_201113_175135/23464626/ccs,ENSMUSG00000039318,Rab3gap2
272,m54313U_201113_175135/23593511/ccs,ENSMUSG00000053716,Dusp7
273,m54313U_201113_175135/23856611/ccs,ENSMUSG00000017386,Traf4
274,m54313U_201113_175135/23923086/ccs,ENSMUSG00000034566,Atp5h
275,m54313U_201113_175135/24709154/ccs,NA,NA
276,m54313U_201113_175135/24840612/ccs,NA,NA
277,m54313U_201113_175135/24903730/ccs,ENSMUSG00000004266,Ptpn6
278,m54313U_201113_175135/25035359/ccs,NA,NA
279,m54313U_201113_175135/25101002/ccs,ENSMUSG00000031447,Lamp1
280,m54313U_201113_175135/154143116/ccs,ENSMUSG00000053093,Myh7
281,m54313U_201113_175135/154207821/ccs,ENSMUSG00000045291,E330021D16Rik
282,m54313U_201113_175135/154468947/ccs,ENSMUSG00000020083,Fam241b
283,m54313U_201113_175135/154798045/ccs,ENSMUSG00000049516,Spty2d1
284,m54313U_201113_175135/154992981/ccs,NA,NA
285,m54313U_201113_175135/155189693/ccs,ENSMUSG00000029191,Rfc1
286,m54313U_201113_175135/155321695/ccs,ENSMUSG00000024974,Smc3
287,m54313U_201113_175135/155845144/ccs,ENSMUSG00000035399,Oser1
288,m54313U_201113_175135/155845324/ccs,NA,NA
289,m54313U_201113_175135/155977249/ccs,NA,NA
290,m54313U_201113_175135/156698957/ccs,ENSMUSG00000020677,Ddx52
291,m54313U_201113_175135/156894383/ccs,ENSMUSG00000004099,Dnmt1
292,m54313U_201113_175135/157025447/ccs,ENSMUSG00000031933,Izumo1r
293,m54313U_201113_175135/157025447/ccs,NA,NA
294,m54313U_201113_175135/157485513/ccs,ENSMUSG00000025413,Ttc4
295,m54313U_201113_175135/157810800/ccs,ENSMUSG00000028760,Eif4g3
296,m54313U_201113_175135/158138701/ccs,ENSMUSG00000042279,H1f8
297,m54313U_201113_175135/158205326/ccs,ENSMUSG00000018830,Myh11
298,m54313U_201113_175135/158796327/ccs,ENSMUSG00000037197,Rbm17
299,m54313U_201113_175135/158990416/ccs,ENSMUSG00000020876,Snx11
300,m54313U_201113_175135/159121787/ccs,ENSMUSG00000029098,Acox3
301,m54313U_201113_175135/159909025/ccs,ENSMUSG00000038646,Ramac
302,m54313U_201113_175135/160107149/ccs,ENSMUSG00000053293,Pom121
303,m54313U_201113_175135/160171297/ccs,ENSMUSG00000027479,Mapre1
304,m54313U_201113_175135/160565755/ccs,NA,NA
305,m54313U_201113_175135/160762267/ccs,ENSMUSG00000031585,Gtf2e2
306,m54313U_201113_175135/161022857/ccs,ENSMUSG00000028121,Bcar3
307,m54313U_201113_175135/161351255/ccs,NA,NA
308,m54313U_201113_175135/161416153/ccs,ENSMUSG00000032300,1700017B05Rik
309,m54313U_201113_175135/161546394/ccs,ENSMUSG00000035093,Secisbp2l
310,m54313U_201113_175135/162072670/ccs,NA,NA
311,m54313U_201113_175135/162201762/ccs,NA,NA
312,m54313U_201113_175135/162269481/ccs,NA,NA
313,m54313U_201113_175135/162728348/ccs,NA,NA
314,m54313U_201113_175135/162859537/ccs,NA,NA
315,m54313U_201113_175135/163054813/ccs,NA,NA
316,m54313U_201113_175135/163121138/ccs,ENSMUSG00000019528,Gyg
317,m54313U_201113_175135/163121922/ccs,NA,NA
318,m54313U_201113_175135/163185747/ccs,NA,NA
319,m54313U_201113_175135/163318352/ccs,NA,NA
320,m54313U_201113_175135/163318558/ccs,ENSMUSG00000025793,Hgs
321,m54313U_201113_175135/163646109/ccs,ENSMUSG00000022323,Rida
322,m54313U_201113_175135/163906074/ccs,NA,NA
323,m54313U_201113_175135/164170008/ccs,ENSMUSG00000028212,Ccne2
324,m54313U_201113_175135/164233226/ccs,ENSMUSG00000069678,Pcgf1
325,m54313U_201113_175135/164235779/ccs,ENSMUSG00000022024,Sugt1
326,m54313U_201113_175135/164301317/ccs,NA,NA
327,m54313U_201113_175135/165806140/ccs,ENSMUSG00000038784,Cnot4
328,m54313U_201113_175135/166135502/ccs,ENSMUSG00000038212,Mfsd14b
329,m54313U_201113_175135/166331583/ccs,ENSMUSG00000062054,Iah1
330,m54313U_201113_175135/166397803/ccs,ENSMUSG00000027702,Lrrc34
331,m54313U_201113_175135/167510685/ccs,ENSMUSG00000031586,Rbpms
332,m54313U_201113_175135/168166719/ccs,ENSMUSG00000006418,Rnf114
333,m54313U_201113_175135/168166935/ccs,NA,NA
334,m54313U_201113_175135/168493755/ccs,NA,NA
335,m54313U_201113_175135/168495805/ccs,NA,NA
336,m54313U_201113_175135/168561012/ccs,ENSMUSG00000029686,Cul1
337,m54313U_201113_175135/168755695/ccs,ENSMUSG00000031953,Tmem170
338,m54313U_201113_175135/169084268/ccs,ENSMUSG00000027827,Kcnab1
339,m54313U_201113_175135/169476710/ccs,ENSMUSG00000028678,Kif2c
340,m54313U_201113_175135/169541879/ccs,ENSMUSG00000032096,Arcn1
341,m54313U_201113_175135/169804551/ccs,ENSMUSG00000072082,Ccnf
342,m54313U_201113_175135/170002773/ccs,ENSMUSG00000038187,Btbd10
343,m54313U_201113_175135/170134185/ccs,ENSMUSG00000002372,Ranbp3
344,m54313U_201113_175135/170461279/ccs,ENSMUSG00000029461,Fam168a
345,m54313U_201113_175135/170787693/ccs,ENSMUSG00000027510,Rbm38
346,m54313U_201113_175135/170788200/ccs,ENSMUSG00000004268,Emg1
347,m54313U_201113_175135/170918513/ccs,ENSMUSG00000001440,Kpnb1
348,m54313U_201113_175135/171116913/ccs,NA,NA
349,m54313U_201113_175135/171247437/ccs,ENSMUSG00000026399,Cd55
350,m54313U_201113_175135/171771528/ccs,ENSMUSG00000028843,Sh3bgrl3
351,m54313U_201113_175135/171835553/ccs,NA,NA
352,m54313U_201113_175135/171903635/ccs,ENSMUSG00000015759,Cnih1
353,m54313U_201113_175135/172099891/ccs,ENSMUSG00000025269,Apex2
354,m54313U_201113_175135/172165496/ccs,ENSMUSG00000040681,Hmgn1
355,m54313U_201113_175135/172360641/ccs,ENSMUSG00000032191,Bcl2l10
356,m54313U_201113_175135/172753272/ccs,ENSMUSG00000002372,Ranbp3
357,m54313U_201113_175135/173277307/ccs,NA,NA
358,m54313U_201113_175135/173343994/ccs,ENSMUSG00000020153,Ndufs7
359,m54313U_201113_175135/173540240/ccs,ENSMUSG00000020752,Recql5
360,m54313U_201113_175135/173540599/ccs,ENSMUSG00000033022,Cdo1
361,m54313U_201113_175135/173736773/ccs,ENSMUSG00000037890,Wdr19
362,m54313U_201113_175135/173868844/ccs,ENSMUSG00000062949,Atp11c
363,m54313U_201113_175135/174065861/ccs,NA,NA
364,m54313U_201113_175135/174197507/ccs,ENSMUSG00000021360,Gcnt2
365,m54313U_201113_175135/174458844/ccs,ENSMUSG00000026234,Ncl
366,m54313U_201113_175135/174589492/ccs,ENSMUSG00000022247,Brix1
367,m54313U_201113_175135/175046930/ccs,ENSMUSG00000104614,Fbxw27
368,m54313U_201113_175135/175113343/ccs,ENSMUSG00000040481,Bptf
369,m54313U_201113_175135/175246097/ccs,ENSMUSG00000001270,Ckb
370,m54313U_201113_175135/175965660/ccs,ENSMUSG00000072109,A530040E14Rik
371,m54313U_201113_175135/176554346/ccs,NA,NA
372,m54313U_201113_175135/176687649/ccs,NA,NA
373,m54313U_201113_175135/176883752/ccs,ENSMUSG00000105589,Fbxw14
374,m54313U_201113_175135/177211550/ccs,NA,NA
375,m54313U_201113_175135/177211550/ccs,NA,NA
376,m54313U_201113_175135/177274954/ccs,ENSMUSG00000029474,Rnf34
377,m54313U_201113_175135/177865707/ccs,ENSMUSG00000037159,Wee2
378,m54313U_201113_175135/177930782/ccs,ENSMUSG00000037926,Ssh2
379,m54313U_201113_175135/178194988/ccs,ENSMUSG00000068794,Col28a1
380,m54313U_201113_175135/178717132/ccs,ENSMUSG00000034994,Eef2
381,m54313U_201113_175135/179504553/ccs,ENSMUSG00000021737,Psmd6
382,m54313U_201113_175135/180160205/ccs,ENSMUSG00000022234,Cct5
383,m54313U_201113_175135/180226562/ccs,ENSMUSG00000062210,Tnfaip8
384,m54313U_201113_175135/180553124/ccs,ENSMUSG00000014077,Chp1
385,m54313U_201113_175135/27787974/ccs,ENSMUSG00000060657,Marf1
386,m54313U_201113_175135/28443023/ccs,ENSMUSG00000062480,Acat3
387,m54313U_201113_175135/29229720/ccs,ENSMUSG00000004099,Dnmt1
388,m54313U_201113_175135/29297320/ccs,ENSMUSG00000056820,Tsnax
389,m54313U_201113_175135/29950405/ccs,ENSMUSG00000020936,Nmt1
390,m54313U_201113_175135/30148406/ccs,ENSMUSG00000051920,Rspo2
391,m54313U_201113_175135/31000560/ccs,NA,NA
392,m54313U_201113_175135/31393235/ccs,ENSMUSG00000022051,Bnip3l
393,m54313U_201113_175135/31393779/ccs,ENSMUSG00000032056,Btg4
394,m54313U_201113_175135/31590617/ccs,ENSMUSG00000030447,Cyfip1
395,m54313U_201113_175135/32113763/ccs,ENSMUSG00000052144,Ppp4r2
396,m54313U_201113_175135/32375948/ccs,ENSMUSG00000061436,Hipk2
397,m54313U_201113_175135/32571594/ccs,ENSMUSG00000018238,Gdf9
398,m54313U_201113_175135/32638497/ccs,ENSMUSG00000074580,4931440P22Rik
399,m54313U_201113_175135/32768444/ccs,ENSMUSG00000064341,mt-Nd1
400,m54313U_201113_175135/32966276/ccs,ENSMUSG00000028479,Gne
401,m54313U_201113_175135/33097551/ccs,ENSMUSG00000100210,H3c7
402,m54313U_201113_175135/33163614/ccs,ENSMUSG00000115204,Gm36642
403,m54313U_201113_175135/33163883/ccs,NA,NA
404,m54313U_201113_175135/33490115/ccs,NA,NA
405,m54313U_201113_175135/33554997/ccs,NA,NA
406,m54313U_201113_175135/33688221/ccs,NA,NA
407,m54313U_201113_175135/33751904/ccs,NA,NA
408,m54313U_201113_175135/33752111/ccs,NA,NA
409,m54313U_201113_175135/34144619/ccs,ENSMUSG00000026781,Acbd5
410,m54313U_201113_175135/34144620/ccs,ENSMUSG00000058655,Eif4b
411,m54313U_201113_175135/34277735/ccs,ENSMUSG00000001525,Tubb5
412,m54313U_201113_175135/34866613/ccs,ENSMUSG00000003038,Hmgn2
413,m54313U_201113_175135/34931748/ccs,NA,NA
414,m54313U_201113_175135/35455512/ccs,ENSMUSG00000074785,Plxnc1
415,m54313U_201113_175135/36178020/ccs,NA,NA
416,m54313U_201113_175135/36374290/ccs,ENSMUSG00000032656,Marchf3
417,m54313U_201113_175135/36505492/ccs,NA,NA
418,m54313U_201113_175135/36702283/ccs,ENSMUSG00000027457,Snph
419,m54313U_201113_175135/37683894/ccs,ENSMUSG00000052033,Pfdn4
420,m54313U_201113_175135/37947211/ccs,ENSMUSG00000010721,Lmbr1
421,m54313U_201113_175135/38144671/ccs,NA,NA
422,m54313U_201113_175135/38208566/ccs,ENSMUSG00000005625,Psmd4
423,m54313U_201113_175135/38865714/ccs,ENSMUSG00000027770,Dhx36
424,m54313U_201113_175135/39321817/ccs,NA,NA
425,m54313U_201113_175135/39388869/ccs,ENSMUSG00000007721,Ccdc124
426,m54313U_201113_175135/39715661/ccs,ENSMUSG00000030522,Mtmr10
427,m54313U_201113_175135/39846308/ccs,ENSMUSG00000004099,Dnmt1
428,m54313U_201113_175135/39847844/ccs,ENSMUSG00000107002,0610012G03Rik
429,m54313U_201113_175135/40437399/ccs,ENSMUSG00000028655,Mfsd2a
430,m54313U_201113_175135/40635096/ccs,ENSMUSG00000093789,Methig1
431,m54313U_201113_175135/41288621/ccs,ENSMUSG00000022247,Brix1
432,m54313U_201113_175135/41418954/ccs,ENSMUSG00000025868,Higd2a
433,m54313U_201113_175135/41420169/ccs,ENSMUSG00000074781,Ube2n
434,m54313U_201113_175135/42207746/ccs,NA,NA
435,m54313U_201113_175135/42664850/ccs,NA,NA
436,m54313U_201113_175135/42863370/ccs,ENSMUSG00000051989,Smim11
437,m54313U_201113_175135/42926300/ccs,NA,NA
438,m54313U_201113_175135/44172824/ccs,ENSMUSG00000054414,Slc30a7
439,m54313U_201113_175135/44304624/ccs,ENSMUSG00000024360,Etf1
440,m54313U_201113_175135/44762247/ccs,ENSMUSG00000018554,Ybx2
441,m54313U_201113_175135/44827735/ccs,ENSMUSG00000043671,Dpy19l3
442,m54313U_201113_175135/44894392/ccs,ENSMUSG00000079009,Gm14139
443,m54313U_201113_175135/44959676/ccs,NA,NA
444,m54313U_201113_175135/45417583/ccs,ENSMUSG00000025066,Sfr1
445,m54313U_201113_175135/45483266/ccs,ENSMUSG00000073700,Klhl21
446,m54313U_201113_175135/45614987/ccs,ENSMUSG00000027510,Rbm38
447,m54313U_201113_175135/45745744/ccs,NA,NA
448,m54313U_201113_175135/46008093/ccs,NA,NA
449,m54313U_201113_175135/46204717/ccs,NA,NA
450,m54313U_201113_175135/46336177/ccs,ENSMUSG00000027669,Gnb4
451,m54313U_201113_175135/46860759/ccs,ENSMUSG00000058407,Txndc9
452,m54313U_201113_175135/47121287/ccs,NA,NA
453,m54313U_201113_175135/47252114/ccs,ENSMUSG00000040731,Eif4h
454,m54313U_201113_175135/47384288/ccs,ENSMUSG00000021068,Nin
455,m54313U_201113_175135/47515079/ccs,ENSMUSG00000019303,Psmc3ip
456,m54313U_201113_175135/47580678/ccs,ENSMUSG00000031511,Arhgef7
457,m54313U_201113_175135/47776947/ccs,NA,NA
458,m54313U_201113_175135/48827170/ccs,ENSMUSG00000090891,D6Ertd527e
459,m54313U_201113_175135/49152578/ccs,ENSMUSG00000005621,Zfp592
460,m54313U_201113_175135/49283632/ccs,ENSMUSG00000005161,Prdx2
461,m54313U_201113_175135/49351091/ccs,ENSMUSG00000031954,Cfdp1
462,m54313U_201113_175135/49809336/ccs,ENSMUSG00000030884,Uqcrc2
463,m54313U_201113_175135/50203152/ccs,ENSMUSG00000028703,Lrrc41
464,m54313U_201113_175135/50661646/ccs,NA,NA
465,m54313U_201113_175135/51052730/ccs,NA,NA
466,m54313U_201113_175135/51382013/ccs,NA,NA
467,m54313U_201113_175135/51447552/ccs,ENSMUSG00000025184,R3hcc1l
468,m54313U_201113_175135/51511707/ccs,ENSMUSG00000028954,Nub1
469,m54313U_201113_175135/51644208/ccs,NA,NA
470,m54313U_201113_175135/51906797/ccs,NA,NA
471,m54313U_201113_175135/51971288/ccs,ENSMUSG00000086593,Gm16548
472,m54313U_201113_175135/52038481/ccs,ENSMUSG00000025899,Alkbh8
473,m54313U_201113_175135/52167496/ccs,ENSMUSG00000056749,Nfil3
474,m54313U_201113_175135/53085057/ccs,ENSMUSG00000039108,Lsm14b
475,m54313U_201113_175135/53086934/ccs,ENSMUSG00000049107,Ntf3
476,m54313U_201113_175135/53936965/ccs,ENSMUSG00000001521,Tulp3
477,m54313U_201113_175135/54002222/ccs,ENSMUSG00000035191,Rfpl4
478,m54313U_201113_175135/54725403/ccs,ENSMUSG00000038750,Omt2b
479,m54313U_201113_175135/55051992/ccs,ENSMUSG00000073468,Sft2d1
480,m54313U_201113_175135/55117839/ccs,ENSMUSG00000004040,Stat3
481,m54313U_201113_175135/55838510/ccs,ENSMUSG00000032050,Rdx
482,m54313U_201113_175135/55903781/ccs,ENSMUSG00000038013,Wipf2
483,m54313U_201113_175135/55904468/ccs,NA,NA
484,m54313U_201113_175135/56099538/ccs,ENSMUSG00000004934,Pias4
485,m54313U_201113_175135/57084149/ccs,ENSMUSG00000068882,Ssb
486,m54313U_201113_175135/57411052/ccs,ENSMUSG00000071226,Cecr2
487,m54313U_201113_175135/59048133/ccs,ENSMUSG00000054843,Atrnl1
488,m54313U_201113_175135/59116302/ccs,NA,NA
489,m54313U_201113_175135/59442974/ccs,NA,NA
490,m54313U_201113_175135/59770252/ccs,ENSMUSG00000028410,Dnaja1
491,m54313U_201113_175135/60032974/ccs,ENSMUSG00000117270,Gm49953
492,m54313U_201113_175135/60294188/ccs,ENSMUSG00000033623,Pcgf3
493,m54313U_201113_175135/60361292/ccs,NA,NA
494,m54313U_201113_175135/61344217/ccs,ENSMUSG00000018238,Gdf9
495,m54313U_201113_175135/61474877/ccs,ENSMUSG00000074656,Eif2s2
496,m54313U_201113_175135/61735674/ccs,ENSMUSG00000029684,Wasl
497,m54313U_201113_175135/62130419/ccs,NA,NA
498,m54313U_201113_175135/62652852/ccs,ENSMUSG00000060461,Dppa5a
499,m54313U_201113_175135/62719760/ccs,ENSMUSG00000024170,Telo2
500,m54313U_201113_175135/63045693/ccs,ENSMUSG00000004931,Apba3
501,m54313U_201113_175135/63045740/ccs,ENSMUSG00000035045,Zc3h12b
502,m54313U_201113_175135/63441273/ccs,ENSMUSG00000066900,Suds3
503,m54313U_201113_175135/63965259/ccs,ENSMUSG00000019992,Mtfr2
504,m54313U_201113_175135/64227087/ccs,ENSMUSG00000050310,Rictor
505,m54313U_201113_175135/64817264/ccs,NA,NA
506,m54313U_201113_175135/65471477/ccs,ENSMUSG00000025050,Pcgf6
507,m54313U_201113_175135/65667119/ccs,ENSMUSG00000028121,Bcar3
508,m54313U_201113_175135/67174714/ccs,NA,NA
509,m54313U_201113_175135/68093196/ccs,ENSMUSG00000037791,Phf12
510,m54313U_201113_175135/68093571/ccs,ENSMUSG00000008393,Carhsp1
511,m54313U_201113_175135/68093620/ccs,ENSMUSG00000055044,Pdlim1
512,m54313U_201113_175135/69272679/ccs,ENSMUSG00000031229,Atrx
513,m54313U_201113_175135/69863332/ccs,ENSMUSG00000028165,Cisd2
514,m54313U_201113_175135/69994665/ccs,ENSMUSG00000103998,Gm38025
515,m54313U_201113_175135/70060387/ccs,ENSMUSG00000038299,Wdr36
516,m54313U_201113_175135/70846956/ccs,ENSMUSG00000001525,Tubb5
517,m54313U_201113_175135/71108983/ccs,ENSMUSG00000008036,Ap2s1
518,m54313U_201113_175135/71174647/ccs,ENSMUSG00000028291,Akirin2
519,m54313U_201113_175135/71303184/ccs,ENSMUSG00000039191,Rbpj
520,m54313U_201113_175135/72024500/ccs,ENSMUSG00000020130,Tbc1d15
521,m54313U_201113_175135/72156672/ccs,NA,NA
522,m54313U_201113_175135/72288572/ccs,ENSMUSG00000026781,Acbd5
523,m54313U_201113_175135/72746505/ccs,ENSMUSG00000066463,Omt2a
524,m54313U_201113_175135/72877259/ccs,ENSMUSG00000022214,Dcaf11
525,m54313U_201113_175135/73138389/ccs,NA,NA
526,m54313U_201113_175135/73401828/ccs,ENSMUSG00000039748,Exo1
527,m54313U_201113_175135/73597284/ccs,ENSMUSG00000022487,Gtsf1
528,m54313U_201113_175135/74057187/ccs,ENSMUSG00000001285,Myg1
529,m54313U_201113_175135/75038828/ccs,ENSMUSG00000075023,Accsl
530,m54313U_201113_175135/76548280/ccs,ENSMUSG00000022070,Bora
531,m54313U_201113_175135/76744010/ccs,ENSMUSG00000020250,Txnrd1
532,m54313U_201113_175135/76876248/ccs,NA,NA
533,m54313U_201113_175135/76939477/ccs,ENSMUSG00000052459,Atp6v1a
534,m54313U_201113_175135/77595576/ccs,ENSMUSG00000035696,Rnf38
535,m54313U_201113_175135/77922632/ccs,ENSMUSG00000035177,Nlrp2
536,m54313U_201113_175135/78382708/ccs,NA,NA
537,m54313U_201113_175135/78776164/ccs,NA,NA
538,m54313U_201113_175135/79366500/ccs,ENSMUSG00000028792,Ak2
539,m54313U_201113_175135/79627263/ccs,ENSMUSG00000019505,Ubb
540,m54313U_201113_175135/79888527/ccs,NA,NA
541,m54313U_201113_175135/80415257/ccs,ENSMUSG00000034636,Zyg11b
